pitch,centroid,flatness,rolloff,zero-crossing,mel_01,mel_02,mel_03,mel_04,mel_05,mel_06,mel_07,mel_08,mel_09,mel_10,mel_11,mel_12,mel_13,mel_14,mel_15,label
34172.7620003458,50930.41926737368,0.12149402464274317,101453.125,2.517578125,4145.692203638629,2714.897304501614,1749.6713567814024,408.5421540787197,915.6018259098256,660.4375290606756,921.0966069796051,498.055980347412,742.8173635429072,626.3085924293672,442.3384339624088,691.5864917948256,671.084351955616,527.1838754681204,672.6251390300439,M
28701.694092784437,28233.655005819353,0.05942458841309417,58000.0,1.2958984375,4291.246657607511,1370.0454940104974,904.5253680132644,339.2037806944499,383.1274652808598,366.46948464390755,612.2279564678286,404.4312876829118,518.2655768994007,419.856489714138,442.8376613207839,398.7260898782504,379.2518813551523,409.00956777938325,417.0647328625758,E
43760.309015476654,56922.00279564805,0.11878648007768788,130703.125,2.306640625,4852.1540896134875,2855.7088795536056,1642.081181004586,378.88087270150965,880.5629012251395,606.5059177325078,922.8421616248905,374.76748805211207,576.0160318374454,705.5736438478249,548.6648857080238,759.1181813226401,744.9642376470865,514.9007828943508,741.4261185140521,M
33547.40190758601,36343.79108152036,0.061684797910857014,76328.125,1.6806640625,4377.808789301547,1902.2400871097973,907.780360515428,385.613664523053,434.8054714024976,381.27422603429795,577.2263720831311,459.1231129183613,478.8642618973213,562.4177972308994,563.6444834235837,443.77732793192433,457.7734093893349,401.465400434501,474.7350940929087,E
