pitch,centroid,flatness,rolloff,zero-crossing,mel_01,mel_02,mel_03,mel_04,mel_05,mel_06,mel_07,mel_08,mel_09,mel_10,mel_11,mel_12,mel_13,mel_14,mel_15,label
119543.02504904814,166375.80654970143,0.2919092616393755,315816.015625,7.2373046875,13440.274798504926,8471.982658526167,4565.905403434269,1397.981182373906,2014.7521240989806,1947.8871480114017,2746.492590328314,1879.0105536892406,2515.8729418493813,1727.8978437807932,1704.212349838065,2328.9440041338753,2004.567446406304,1819.0072570183256,2285.065919439046,M
105478.52372372415,103250.49123973264,0.1892679809097899,214281.25,4.6259765625,14046.980856478409,4877.287462777767,3456.3616218123225,1401.3543300231936,1603.5517707749912,1500.4887405728384,2045.6507296615362,1619.2350416115091,1999.9692551658852,1424.3370859582728,1502.20405214265,1490.972354863299,1588.7587586113389,1688.08391794879,1504.8075156603004,E
148663.14751256286,190359.5700045027,0.28748431917301787,368391.89453125,6.8359375,16594.335354287512,8647.687672900296,4335.223383362282,1517.0505621748355,2014.5337474603743,2152.6294870804622,2919.068439300293,1455.5262960554587,2520.1289034588285,1884.0698184633134,2314.4716108908056,2580.8170263622274,2257.571876638142,1899.2867817833974,2307.605965914114,M
110934.26042821826,129977.36853545738,0.20449050915522093,229937.5,5.05078125,14750.172229961994,6881.909011442187,4189.31684852176,1584.5713142670875,1696.94864373862,1663.8351676016398,2162.2501288226144,1736.2889083482123,1876.3989124034158,1595.6228322770326,2131.1978258675267,1737.9588007443876,1776.3168694120116,1734.6498131764336,1547.4118626420375,E
