pitch,centroid,flatness,rolloff,zero-crossing,mel_01,mel_02,mel_03,mel_04,mel_05,mel_06,mel_07,mel_08,mel_09,mel_10,mel_11,mel_12,mel_13,mel_14,mel_15,label
33296.596619523785,35661.41110572988,0.05095069773233263,98593.75,1.4765625,4444.000253226612,1490.2131445886537,1225.8361519111786,500.28654046083983,613.7374964711736,395.53303631426076,1160.6930020750453,508.26480821755814,713.38933266366,446.14944952448093,463.8383940180932,594.1793803929784,543.2581200973276,562.6765610735785,586.9403648006137,M
27505.474611580532,27263.099836335,0.04106014128046809,55828.125,1.1142578125,3531.899629127016,1464.9766449675378,1017.7483837828914,379.76157844061595,431.35662433861916,451.4755578168298,627.2951314189405,500.9394304246986,484.55486447365746,344.1467442363527,380.81289468728204,413.9895599105708,550.8684561198827,503.2169160129278,382.7821383565969,E
31999.18452464833,43219.23220578077,0.0664407153672073,96484.375,1.3310546875,6087.824081226543,1817.5606390367575,1338.7640034563856,452.46231749826813,693.2207196824094,434.84618941071886,1370.815163057686,555.1035780568598,774.8492262082777,560.6456647961763,633.521698832746,676.5629992910654,576.0928311885947,639.1804850762876,673.1221546713103,M
27423.503138056352,34032.02102544045,0.056593722983961925,62156.25,1.09375,4528.200912006392,1607.9826217980271,1205.085222450787,445.15577670607286,513.3678913339033,458.16885128843063,683.6989090490705,345.5076352936987,494.59981577044965,390.00040976120766,441.5286656368649,505.3445603026074,588.9799621963089,476.134026502396,389.79412198548823,E
