pitch,centroid,flatness,rolloff,zero-crossing,mel_01,mel_02,mel_03,mel_04,mel_05,mel_06,mel_07,mel_08,mel_09,mel_10,mel_11,mel_12,mel_13,mel_14,mel_15,label
58213.42239594126,87331.23837632457,0.21759161748195766,162754.4921875,6.9462890625,4055.3582971342553,5683.51257475671,1949.8277886670485,1197.3761741305184,1439.8072926232414,1670.787042233476,1475.3227713432839,1388.3582336724594,1525.553508824476,1381.1471061779346,1486.2992660466914,1593.3208989557738,1780.6315884411206,1486.367040327545,1569.6414971307493,M
40275.56307568847,33058.126862669655,0.12404902514390415,89171.875,2.4091796875,5144.677277251162,2377.4699463140405,1693.715821702088,666.7844691362089,591.762222831132,559.0171863898427,762.3222165885497,762.9672462048622,726.9773921155288,799.2571288016725,676.3742713159553,537.0745520486504,700.6960596065057,516.9990814742565,463.859550508364,E
101106.79054316434,99855.95185910523,0.15634798034807318,204797.55859375,6.591796875,5447.078920081129,4524.96532421937,3165.121753827874,1365.294021703516,1442.743986312082,1537.174640394747,1558.3930814283472,1267.9027866412555,1635.2962896312004,1759.9067837747925,1899.2341851741821,1820.7395193449493,2374.1101024693794,1613.6380287927,1899.8056849265179,M
70487.50267381786,51812.98427591732,0.12684911566975643,115375.0,3.4736328125,4020.2363219178883,3030.798233679401,2289.9807919506775,571.0045556482489,898.9283441834106,975.3555567315666,1078.0304637087831,1142.7669007490376,1038.3394244088972,1225.0540026254434,1421.3041796778919,1080.7464123244347,1006.6189885656095,1090.7520217132474,1034.9793689845408,E
