pitch,centroid,flatness,rolloff,zero-crossing,mel_01,mel_02,mel_03,mel_04,mel_05,mel_06,mel_07,mel_08,mel_09,mel_10,mel_11,mel_12,mel_13,mel_14,mel_15,label
74353.06591021409,65526.28570438979,0.05576145395934873,119323.6328125,3.8779296875,3538.648229139004,4854.903444956614,2020.2350386478186,1104.0022993760433,1513.8232143974135,885.1663231081744,1136.973628543695,767.6418329981233,1303.8726403244598,1188.0577969599267,1021.9102467196575,1135.3076522269218,1285.7550175054428,1061.7864069942013,1144.1420096438537,M
38412.54786351896,37702.84526335084,0.026558197096164804,77671.875,2.0986328125,1988.9643294777354,1368.6012226632624,1484.2968627390821,1359.1775766942196,460.2199613590596,710.9584144603594,765.9675265337754,716.7721127037603,678.1967471654813,576.3883218266113,741.159750475171,777.7916974089262,853.9618217463803,712.667232286599,808.6804833099301,E
100729.01333223672,90812.63744774037,0.060964493357460015,230137.890625,5.25390625,5643.836971457621,4968.098884841005,2755.485715697012,1459.826183060495,1825.5300950684593,1512.6121467747657,1865.6088911109612,1593.128518550967,1676.61326209999,1651.1110157820985,1902.6141870659712,1906.1739724074205,2161.881260780802,1804.9135613935932,1562.2691380460415,M
34973.64612806965,60047.700465798145,0.0359261515104663,93859.375,4.587890625,2647.582552389101,3732.313055088112,1671.8592126281642,1407.9076967519727,1353.7195795220914,1612.6379729860864,1580.6478359117896,1556.7350306961364,1524.3470318319526,1587.7120539823732,1562.48552872725,1595.4128393734088,1613.283225471069,1686.5426663593719,1714.0264671554353,E
