pitch,centroid,flatness,rolloff,zero-crossing,mel_01,mel_02,mel_03,mel_04,mel_05,mel_06,mel_07,mel_08,mel_09,mel_10,mel_11,mel_12,mel_13,mel_14,mel_15,label
24110.102013490905,27125.15818929486,0.04564316551477532,62670.21484375,1.591796875,2993.1242231820734,1304.388495786953,1370.7787137069058,416.48700847243884,567.0762133263379,361.0766670476302,524.2613170142562,385.3220858616472,541.7354638927214,424.66415168449674,416.9197616820771,607.279879566263,538.0969866142393,555.932310225165,513.9938895034265,M
25527.147929811425,16667.42359439315,0.037117882988241035,40703.125,1.05078125,1367.7372022315622,797.6209973753581,770.8951751337079,390.1829350307374,263.4122249251894,324.67472730528385,362.57477826769093,253.787273940563,438.37456543376425,277.25640407307026,338.6515487398444,277.3331174981209,411.65216176264704,410.9308217713971,370.9070583613072,E
22059.633414098418,28794.164623866192,0.044802127365983324,63159.47265625,1.5927734375,2953.9980259862273,1168.0936337180192,1369.7202547479478,532.740074281376,542.9291940378154,478.7620906065652,470.90360260112277,315.7554193552931,440.54755603652325,514.1763272143982,447.0956317953761,609.3450413183872,643.2612099191882,623.3591286852859,570.2623510597148,M
21085.10541410619,17249.454726135784,0.04758777157985605,43984.375,0.904296875,2110.607139578749,733.2120802107261,982.6302089244566,494.95415507116104,287.48351854134563,450.87404074703755,323.9581074033453,235.51999170152467,369.3422576871078,387.40401481858686,383.3687177103251,316.78143735977125,405.323859685898,409.28662765059215,339.24753457750944,E
