pitch,centroid,flatness,rolloff,zero-crossing,mel_01,mel_02,mel_03,mel_04,mel_05,mel_06,mel_07,mel_08,mel_09,mel_10,mel_11,mel_12,mel_13,mel_14,mel_15,label
62250.769714220456,50998.28330082049,0.047213477937475545,124199.51171875,2.9208984375,4486.205974530047,2108.17331411928,2280.322697073744,1139.450119436833,967.6506629657321,814.0047311701156,967.8439222178652,1121.2032770027547,1242.1795755542753,863.1665271283518,1128.085384412206,789.2540074056427,1100.106535966551,1122.739759514263,1129.739805635482,M
32697.117098183797,41244.054225877786,0.06880145270406501,93906.25,2.533203125,2354.895975953337,2659.8659320148945,1527.0935556872714,869.9132099696272,636.9793024218599,908.1303783046578,898.7531589932277,894.385921589826,858.3316080960659,804.7562945769865,1035.6513303810812,796.1812421499925,1070.4743681207071,1254.5088617516378,905.5067245840604,E
30186.92293353922,39445.55184977981,0.03607322149036918,69000.390625,2.3671875,3007.5941276542453,1865.3249829602316,1731.702868862416,882.1454582744208,773.5307098683976,619.5815795759107,597.0625077433924,672.5890566283599,819.2154296722982,628.4943588167152,844.2293823931636,671.5301044490221,731.4454450591063,801.3515069838561,750.9904455922341,M
26484.526973275733,19492.09326912572,0.050112196877307724,53812.5,1.0791015625,1531.2170221323108,1274.578503902164,636.6811447463853,449.1841887186265,355.8583458687673,479.6124290368024,417.7461361192538,428.54749038001324,484.7861753300703,439.9707908308126,607.8043284819349,438.53849045296,483.34601965907757,430.23526724474704,346.1646533893617,E
